{"mean":{"confidence_interval":{"confidence_level":0.95,"lower_bound":0.0317402124817902,"upper_bound":0.05561831638983881},"point_estimate":0.04379279842454897,"standard_error":0.006064681257701864},"median":{"confidence_interval":{"confidence_level":0.95,"lower_bound":0.03180113497182752,"upper_bound":0.07730795622622},"point_estimate":0.058264587370811416,"standard_error":0.01280376256066109}}