{"mean":{"confidence_interval":{"confidence_level":0.95,"lower_bound":3236950220.0,"upper_bound":3265111280.82},"point_estimate":3250299267.4,"standard_error":7220507.8041221425},"median":{"confidence_interval":{"confidence_level":0.95,"lower_bound":3205761073.0,"upper_bound":3234254267.0},"point_estimate":3216576372.5,"standard_error":7906954.4935258655},"median_abs_dev":{"confidence_interval":{"confidence_level":0.95,"lower_bound":14924554.0874362,"upper_bound":55070904.706496},"point_estimate":29544075.832387805,"standard_error":10659117.46850261},"slope":null,"std_dev":{"confidence_interval":{"confidence_level":0.95,"lower_bound":53956613.63291307,"upper_bound":91081803.91629724},"point_estimate":73220691.32523821,"standard_error":9485491.149984201}}