{"mean":{"confidence_interval":{"confidence_level":0.95,"lower_bound":3026598173.85925,"upper_bound":3079772095.88},"point_estimate":3052475941.65,"standard_error":13565616.050496643},"median":{"confidence_interval":{"confidence_level":0.95,"lower_bound":2968417875.0,"upper_bound":3029045654.0},"point_estimate":2995757775.5,"standard_error":18720810.151205104},"median_abs_dev":{"confidence_interval":{"confidence_level":0.95,"lower_bound":65889345.53453028,"upper_bound":139077909.54377353},"point_estimate":98176829.54731286,"standard_error":20215583.027212486},"slope":null,"std_dev":{"confidence_interval":{"confidence_level":0.95,"lower_bound":117684917.81719305,"upper_bound":150154223.6291303},"point_estimate":136042954.0992056,"standard_error":8307589.418039043}}