{"mean":{"confidence_interval":{"confidence_level":0.95,"lower_bound":-0.7573494325161142,"upper_bound":-0.7518506985942808},"point_estimate":-0.7547002002829409,"standard_error":0.0014018937977507413},"median":{"confidence_interval":{"confidence_level":0.95,"lower_bound":-0.7620256484566837,"upper_bound":-0.7526272188488907},"point_estimate":-0.7573775162414123,"standard_error":0.0025465443816979237}}